rsid,effect_allele,effect_weight
rs4977574,G,0.290
rs1333049,C,0.291
rs10757278,G,0.280
rs2383206,G,0.130
rs10116277,G,0.120
rs6725887,C,0.170
rs9818870,T,0.110
rs3798220,C,0.470
rs12526453,C,0.100
rs1746048,C,0.090
rs9982601,T,0.180
rs2259816,T,0.080
rs17465637,A,0.100
rs599839,A,0.115
rs17228212,C,0.080
rs501120,T,0.090
rs17114036,A,-0.110
rs9349379,G,0.110
rs12190287,C,0.075
rs3869109,A,0.068
rs11206510,T,-0.150
rs646776,T,0.115
rs515135,G,-0.095
rs4845625,T,0.058
rs2306374,C,0.070
rs12413409,G,0.100
rs964184,G,0.115
rs3184504,T,0.063
rs4773144,G,0.065
rs12936587,G,0.060
rs6544713,T,0.055
rs2895811,C,0.055
rs7025486,A,0.055
rs11556924,T,-0.065
rs17609940,G,0.060
